agent,day,activity,mentions
alex,1,wake up,0
alex,1,breakfast,0
alex,1,coffee,3
alex,1,work,8
alex,1,lunch,1
alex,1,dinner,1
alex,1,gym,3
alex,1,exercise,0
alex,1,classes,0
alex,1,study,0
alex,1,home,2
alex,1,sleep,0
alex,1,park,1
alex,1,cafe,3
alex,1,office,3
alex,1,campus,0
alex,1,shopping,0
alex,1,cooking,0
bella,1,wake up,0
bella,1,breakfast,2
bella,1,coffee,0
bella,1,work,0
bella,1,lunch,3
bella,1,dinner,2
bella,1,gym,0
bella,1,exercise,0
bella,1,classes,4
bella,1,study,1
bella,1,home,1
bella,1,sleep,1
bella,1,park,2
bella,1,cafe,2
bella,1,office,0
bella,1,campus,4
bella,1,shopping,0
bella,1,cooking,0
charlie,1,wake up,0
charlie,1,breakfast,0
charlie,1,coffee,2
charlie,1,work,1
charlie,1,lunch,1
charlie,1,dinner,1
charlie,1,gym,0
charlie,1,exercise,0
charlie,1,classes,0
charlie,1,study,0
charlie,1,home,1
charlie,1,sleep,0
charlie,1,park,4
charlie,1,cafe,2
charlie,1,office,0
charlie,1,campus,0
charlie,1,shopping,0
charlie,1,cooking,0
diana,1,wake up,0
diana,1,breakfast,2
diana,1,coffee,0
diana,1,work,2
diana,1,lunch,1
diana,1,dinner,2
diana,1,gym,0
diana,1,exercise,0
diana,1,classes,3
diana,1,study,2
diana,1,home,2
diana,1,sleep,1
diana,1,park,1
diana,1,cafe,2
diana,1,office,0
diana,1,campus,1
diana,1,shopping,0
diana,1,cooking,0
ethan,1,wake up,0
ethan,1,breakfast,2
ethan,1,coffee,0
ethan,1,work,6
ethan,1,lunch,4
ethan,1,dinner,2
ethan,1,gym,4
ethan,1,exercise,0
ethan,1,classes,0
ethan,1,study,0
ethan,1,home,2
ethan,1,sleep,0
ethan,1,park,1
ethan,1,cafe,2
ethan,1,office,2
ethan,1,campus,0
ethan,1,shopping,0
ethan,1,cooking,0
fiona,1,wake up,1
fiona,1,breakfast,2
fiona,1,coffee,2
fiona,1,work,4
fiona,1,lunch,0
fiona,1,dinner,0
fiona,1,gym,0
fiona,1,exercise,0
fiona,1,classes,0
fiona,1,study,0
fiona,1,home,4
fiona,1,sleep,2
fiona,1,park,2
fiona,1,cafe,3
fiona,1,office,3
fiona,1,campus,0
fiona,1,shopping,0
fiona,1,cooking,0
alex,2,wake up,0
alex,2,breakfast,0
alex,2,coffee,3
alex,2,work,9
alex,2,lunch,2
alex,2,dinner,2
alex,2,gym,1
alex,2,exercise,0
alex,2,classes,0
alex,2,study,0
alex,2,home,2
alex,2,sleep,0
alex,2,park,1
alex,2,cafe,3
alex,2,office,4
alex,2,campus,0
alex,2,shopping,0
alex,2,cooking,0
bella,2,wake up,0
bella,2,breakfast,1
bella,2,coffee,0
bella,2,work,0
bella,2,lunch,2
bella,2,dinner,1
bella,2,gym,0
bella,2,exercise,0
bella,2,classes,3
bella,2,study,0
bella,2,home,2
bella,2,sleep,2
bella,2,park,1
bella,2,cafe,1
bella,2,office,0
bella,2,campus,2
bella,2,shopping,0
bella,2,cooking,0
charlie,2,wake up,0
charlie,2,breakfast,0
charlie,2,coffee,1
charlie,2,work,2
charlie,2,lunch,1
charlie,2,dinner,2
charlie,2,gym,0
charlie,2,exercise,0
charlie,2,classes,0
charlie,2,study,0
charlie,2,home,3
charlie,2,sleep,0
charlie,2,park,2
charlie,2,cafe,4
charlie,2,office,0
charlie,2,campus,0
charlie,2,shopping,1
charlie,2,cooking,1
diana,2,wake up,0
diana,2,breakfast,2
diana,2,coffee,0
diana,2,work,0
diana,2,lunch,1
diana,2,dinner,2
diana,2,gym,0
diana,2,exercise,1
diana,2,classes,4
diana,2,study,1
diana,2,home,4
diana,2,sleep,2
diana,2,park,1
diana,2,cafe,1
diana,2,office,0
diana,2,campus,1
diana,2,shopping,0
diana,2,cooking,0
ethan,2,wake up,0
ethan,2,breakfast,1
ethan,2,coffee,0
ethan,2,work,7
ethan,2,lunch,2
ethan,2,dinner,1
ethan,2,gym,3
ethan,2,exercise,0
ethan,2,classes,0
ethan,2,study,0
ethan,2,home,3
ethan,2,sleep,0
ethan,2,park,1
ethan,2,cafe,2
ethan,2,office,1
ethan,2,campus,0
ethan,2,shopping,0
ethan,2,cooking,1
fiona,2,wake up,0
fiona,2,breakfast,2
fiona,2,coffee,3
fiona,2,work,4
fiona,2,lunch,0
fiona,2,dinner,0
fiona,2,gym,0
fiona,2,exercise,0
fiona,2,classes,0
fiona,2,study,0
fiona,2,home,5
fiona,2,sleep,2
fiona,2,park,2
fiona,2,cafe,2
fiona,2,office,4
fiona,2,campus,0
fiona,2,shopping,0
fiona,2,cooking,0
alex,3,wake up,0
alex,3,breakfast,0
alex,3,coffee,2
alex,3,work,6
alex,3,lunch,1
alex,3,dinner,1
alex,3,gym,2
alex,3,exercise,0
alex,3,classes,0
alex,3,study,0
alex,3,home,3
alex,3,sleep,1
alex,3,park,1
alex,3,cafe,4
alex,3,office,2
alex,3,campus,0
alex,3,shopping,0
alex,3,cooking,0
bella,3,wake up,0
bella,3,breakfast,1
bella,3,coffee,0
bella,3,work,0
bella,3,lunch,1
bella,3,dinner,1
bella,3,gym,0
bella,3,exercise,0
bella,3,classes,3
bella,3,study,1
bella,3,home,1
bella,3,sleep,1
bella,3,park,1
bella,3,cafe,1
bella,3,office,0
bella,3,campus,2
bella,3,shopping,0
bella,3,cooking,0
charlie,3,wake up,0
charlie,3,breakfast,0
charlie,3,coffee,3
charlie,3,work,3
charlie,3,lunch,1
charlie,3,dinner,2
charlie,3,gym,0
charlie,3,exercise,0
charlie,3,classes,0
charlie,3,study,0
charlie,3,home,5
charlie,3,sleep,1
charlie,3,park,2
charlie,3,cafe,3
charlie,3,office,0
charlie,3,campus,0
charlie,3,shopping,1
charlie,3,cooking,1
diana,3,wake up,0
diana,3,breakfast,1
diana,3,coffee,0
diana,3,work,2
diana,3,lunch,1
diana,3,dinner,3
diana,3,gym,0
diana,3,exercise,0
diana,3,classes,4
diana,3,study,2
diana,3,home,2
diana,3,sleep,0
diana,3,park,1
diana,3,cafe,1
diana,3,office,0
diana,3,campus,5
diana,3,shopping,0
diana,3,cooking,0
ethan,3,wake up,0
ethan,3,breakfast,3
ethan,3,coffee,0
ethan,3,work,8
ethan,3,lunch,3
ethan,3,dinner,0
ethan,3,gym,5
ethan,3,exercise,0
ethan,3,classes,0
ethan,3,study,0
ethan,3,home,6
ethan,3,sleep,1
ethan,3,park,1
ethan,3,cafe,3
ethan,3,office,2
ethan,3,campus,0
ethan,3,shopping,0
ethan,3,cooking,0
fiona,3,wake up,0
fiona,3,breakfast,1
fiona,3,coffee,2
fiona,3,work,4
fiona,3,lunch,0
fiona,3,dinner,0
fiona,3,gym,0
fiona,3,exercise,0
fiona,3,classes,0
fiona,3,study,0
fiona,3,home,5
fiona,3,sleep,2
fiona,3,park,2
fiona,3,cafe,3
fiona,3,office,3
fiona,3,campus,0
fiona,3,shopping,0
fiona,3,cooking,0
alex,4,wake up,0
alex,4,breakfast,0
alex,4,coffee,3
alex,4,work,8
alex,4,lunch,2
alex,4,dinner,1
alex,4,gym,2
alex,4,exercise,0
alex,4,classes,0
alex,4,study,0
alex,4,home,1
alex,4,sleep,1
alex,4,park,1
alex,4,cafe,3
alex,4,office,3
alex,4,campus,0
alex,4,shopping,0
alex,4,cooking,0
bella,4,wake up,0
bella,4,breakfast,1
bella,4,coffee,0
bella,4,work,2
bella,4,lunch,3
bella,4,dinner,2
bella,4,gym,0
bella,4,exercise,0
bella,4,classes,3
bella,4,study,0
bella,4,home,2
bella,4,sleep,1
bella,4,park,1
bella,4,cafe,0
bella,4,office,0
bella,4,campus,2
bella,4,shopping,0
bella,4,cooking,0
charlie,4,wake up,0
charlie,4,breakfast,0
charlie,4,coffee,3
charlie,4,work,3
charlie,4,lunch,1
charlie,4,dinner,2
charlie,4,gym,0
charlie,4,exercise,0
charlie,4,classes,0
charlie,4,study,0
charlie,4,home,2
charlie,4,sleep,0
charlie,4,park,2
charlie,4,cafe,3
charlie,4,office,0
charlie,4,campus,0
charlie,4,shopping,1
charlie,4,cooking,0
diana,4,wake up,0
diana,4,breakfast,2
diana,4,coffee,0
diana,4,work,2
diana,4,lunch,2
diana,4,dinner,2
diana,4,gym,0
diana,4,exercise,0
diana,4,classes,3
diana,4,study,0
diana,4,home,1
diana,4,sleep,0
diana,4,park,1
diana,4,cafe,1
diana,4,office,0
diana,4,campus,2
diana,4,shopping,0
diana,4,cooking,0
ethan,4,wake up,0
ethan,4,breakfast,2
ethan,4,coffee,0
ethan,4,work,3
ethan,4,lunch,1
ethan,4,dinner,1
ethan,4,gym,3
ethan,4,exercise,1
ethan,4,classes,0
ethan,4,study,0
ethan,4,home,5
ethan,4,sleep,1
ethan,4,park,2
ethan,4,cafe,0
ethan,4,office,2
ethan,4,campus,0
ethan,4,shopping,0
ethan,4,cooking,0
fiona,4,wake up,0
fiona,4,breakfast,1
fiona,4,coffee,3
fiona,4,work,2
fiona,4,lunch,0
fiona,4,dinner,0
fiona,4,gym,0
fiona,4,exercise,0
fiona,4,classes,0
fiona,4,study,0
fiona,4,home,3
fiona,4,sleep,2
fiona,4,park,3
fiona,4,cafe,3
fiona,4,office,2
fiona,4,campus,0
fiona,4,shopping,0
fiona,4,cooking,0
alex,5,wake up,0
alex,5,breakfast,0
alex,5,coffee,2
alex,5,work,7
alex,5,lunch,1
alex,5,dinner,2
alex,5,gym,2
alex,5,exercise,0
alex,5,classes,0
alex,5,study,0
alex,5,home,2
alex,5,sleep,0
alex,5,park,2
alex,5,cafe,4
alex,5,office,3
alex,5,campus,0
alex,5,shopping,0
alex,5,cooking,0
bella,5,wake up,0
bella,5,breakfast,2
bella,5,coffee,0
bella,5,work,1
bella,5,lunch,1
bella,5,dinner,2
bella,5,gym,0
bella,5,exercise,0
bella,5,classes,4
bella,5,study,1
bella,5,home,1
bella,5,sleep,1
bella,5,park,1
bella,5,cafe,0
bella,5,office,0
bella,5,campus,3
bella,5,shopping,0
bella,5,cooking,0
charlie,5,wake up,0
charlie,5,breakfast,0
charlie,5,coffee,1
charlie,5,work,2
charlie,5,lunch,1
charlie,5,dinner,1
charlie,5,gym,0
charlie,5,exercise,0
charlie,5,classes,0
charlie,5,study,0
charlie,5,home,2
charlie,5,sleep,0
charlie,5,park,3
charlie,5,cafe,3
charlie,5,office,0
charlie,5,campus,0
charlie,5,shopping,1
charlie,5,cooking,0
diana,5,wake up,0
diana,5,breakfast,2
diana,5,coffee,0
diana,5,work,2
diana,5,lunch,2
diana,5,dinner,2
diana,5,gym,0
diana,5,exercise,0
diana,5,classes,4
diana,5,study,2
diana,5,home,1
diana,5,sleep,1
diana,5,park,1
diana,5,cafe,0
diana,5,office,0
diana,5,campus,2
diana,5,shopping,0
diana,5,cooking,0
ethan,5,wake up,0
ethan,5,breakfast,1
ethan,5,coffee,0
ethan,5,work,5
ethan,5,lunch,2
ethan,5,dinner,1
ethan,5,gym,5
ethan,5,exercise,1
ethan,5,classes,0
ethan,5,study,0
ethan,5,home,5
ethan,5,sleep,1
ethan,5,park,2
ethan,5,cafe,1
ethan,5,office,3
ethan,5,campus,0
ethan,5,shopping,0
ethan,5,cooking,0
fiona,5,wake up,0
fiona,5,breakfast,1
fiona,5,coffee,2
fiona,5,work,4
fiona,5,lunch,0
fiona,5,dinner,0
fiona,5,gym,0
fiona,5,exercise,0
fiona,5,classes,0
fiona,5,study,0
fiona,5,home,3
fiona,5,sleep,1
fiona,5,park,2
fiona,5,cafe,2
fiona,5,office,2
fiona,5,campus,0
fiona,5,shopping,0
fiona,5,cooking,0
alex,6,wake up,0
alex,6,breakfast,1
alex,6,coffee,0
alex,6,work,5
alex,6,lunch,0
alex,6,dinner,1
alex,6,gym,2
alex,6,exercise,0
alex,6,classes,0
alex,6,study,0
alex,6,home,3
alex,6,sleep,1
alex,6,park,1
alex,6,cafe,2
alex,6,office,0
alex,6,campus,0
alex,6,shopping,1
alex,6,cooking,0
bella,6,wake up,0
bella,6,breakfast,0
bella,6,coffee,0
bella,6,work,2
bella,6,lunch,0
bella,6,dinner,1
bella,6,gym,2
bella,6,exercise,1
bella,6,classes,0
bella,6,study,1
bella,6,home,1
bella,6,sleep,1
bella,6,park,2
bella,6,cafe,3
bella,6,office,0
bella,6,campus,2
bella,6,shopping,0
bella,6,cooking,0
charlie,6,wake up,0
charlie,6,breakfast,0
charlie,6,coffee,2
charlie,6,work,4
charlie,6,lunch,0
charlie,6,dinner,2
charlie,6,gym,2
charlie,6,exercise,0
charlie,6,classes,0
charlie,6,study,0
charlie,6,home,2
charlie,6,sleep,0
charlie,6,park,3
charlie,6,cafe,5
charlie,6,office,0
charlie,6,campus,0
charlie,6,shopping,0
charlie,6,cooking,0
diana,6,wake up,0
diana,6,breakfast,0
diana,6,coffee,1
diana,6,work,3
diana,6,lunch,0
diana,6,dinner,1
diana,6,gym,2
diana,6,exercise,0
diana,6,classes,0
diana,6,study,2
diana,6,home,2
diana,6,sleep,2
diana,6,park,2
diana,6,cafe,2
diana,6,office,0
diana,6,campus,0
diana,6,shopping,0
diana,6,cooking,0
ethan,6,wake up,0
ethan,6,breakfast,0
ethan,6,coffee,0
ethan,6,work,5
ethan,6,lunch,0
ethan,6,dinner,1
ethan,6,gym,2
ethan,6,exercise,1
ethan,6,classes,0
ethan,6,study,0
ethan,6,home,4
ethan,6,sleep,0
ethan,6,park,2
ethan,6,cafe,0
ethan,6,office,0
ethan,6,campus,0
ethan,6,shopping,0
ethan,6,cooking,0
fiona,6,wake up,0
fiona,6,breakfast,0
fiona,6,coffee,0
fiona,6,work,0
fiona,6,lunch,0
fiona,6,dinner,2
fiona,6,gym,0
fiona,6,exercise,0
fiona,6,classes,0
fiona,6,study,0
fiona,6,home,4
fiona,6,sleep,0
fiona,6,park,2
fiona,6,cafe,2
fiona,6,office,0
fiona,6,campus,0
fiona,6,shopping,0
fiona,6,cooking,1
alex,7,wake up,0
alex,7,breakfast,0
alex,7,coffee,0
alex,7,work,5
alex,7,lunch,0
alex,7,dinner,1
alex,7,gym,2
alex,7,exercise,0
alex,7,classes,0
alex,7,study,0
alex,7,home,2
alex,7,sleep,0
alex,7,park,1
alex,7,cafe,1
alex,7,office,0
alex,7,campus,0
alex,7,shopping,0
alex,7,cooking,0
bella,7,wake up,0
bella,7,breakfast,0
bella,7,coffee,0
bella,7,work,1
bella,7,lunch,0
bella,7,dinner,0
bella,7,gym,1
bella,7,exercise,1
bella,7,classes,0
bella,7,study,2
bella,7,home,3
bella,7,sleep,1
bella,7,park,2
bella,7,cafe,2
bella,7,office,0
bella,7,campus,1
bella,7,shopping,0
bella,7,cooking,0
charlie,7,wake up,0
charlie,7,breakfast,0
charlie,7,coffee,2
charlie,7,work,3
charlie,7,lunch,0
charlie,7,dinner,2
charlie,7,gym,1
charlie,7,exercise,1
charlie,7,classes,0
charlie,7,study,0
charlie,7,home,2
charlie,7,sleep,1
charlie,7,park,2
charlie,7,cafe,3
charlie,7,office,0
charlie,7,campus,0
charlie,7,shopping,0
charlie,7,cooking,0
diana,7,wake up,0
diana,7,breakfast,0
diana,7,coffee,0
diana,7,work,4
diana,7,lunch,0
diana,7,dinner,0
diana,7,gym,4
diana,7,exercise,3
diana,7,classes,0
diana,7,study,2
diana,7,home,2
diana,7,sleep,2
diana,7,park,2
diana,7,cafe,2
diana,7,office,0
diana,7,campus,4
diana,7,shopping,0
diana,7,cooking,0
ethan,7,wake up,0
ethan,7,breakfast,0
ethan,7,coffee,0
ethan,7,work,4
ethan,7,lunch,0
ethan,7,dinner,1
ethan,7,gym,2
ethan,7,exercise,0
ethan,7,classes,0
ethan,7,study,0
ethan,7,home,6
ethan,7,sleep,2
ethan,7,park,5
ethan,7,cafe,0
ethan,7,office,0
ethan,7,campus,0
ethan,7,shopping,0
ethan,7,cooking,0
fiona,7,wake up,0
fiona,7,breakfast,0
fiona,7,coffee,0
fiona,7,work,0
fiona,7,lunch,0
fiona,7,dinner,1
fiona,7,gym,0
fiona,7,exercise,0
fiona,7,classes,0
fiona,7,study,0
fiona,7,home,6
fiona,7,sleep,2
fiona,7,park,3
fiona,7,cafe,3
fiona,7,office,0
fiona,7,campus,0
fiona,7,shopping,0
fiona,7,cooking,0
alex,8,wake up,0
alex,8,breakfast,0
alex,8,coffee,1
alex,8,work,8
alex,8,lunch,2
alex,8,dinner,2
alex,8,gym,2
alex,8,exercise,0
alex,8,classes,0
alex,8,study,0
alex,8,home,1
alex,8,sleep,0
alex,8,park,2
alex,8,cafe,3
alex,8,office,2
alex,8,campus,0
alex,8,shopping,0
alex,8,cooking,0
bella,8,wake up,0
bella,8,breakfast,1
bella,8,coffee,0
bella,8,work,1
bella,8,lunch,2
bella,8,dinner,1
bella,8,gym,0
bella,8,exercise,0
bella,8,classes,3
bella,8,study,1
bella,8,home,3
bella,8,sleep,1
bella,8,park,2
bella,8,cafe,2
bella,8,office,0
bella,8,campus,2
bella,8,shopping,0
bella,8,cooking,0
charlie,8,wake up,0
charlie,8,breakfast,0
charlie,8,coffee,2
charlie,8,work,1
charlie,8,lunch,1
charlie,8,dinner,2
charlie,8,gym,0
charlie,8,exercise,0
charlie,8,classes,0
charlie,8,study,0
charlie,8,home,3
charlie,8,sleep,0
charlie,8,park,3
charlie,8,cafe,4
charlie,8,office,0
charlie,8,campus,0
charlie,8,shopping,0
charlie,8,cooking,0
diana,8,wake up,0
diana,8,breakfast,2
diana,8,coffee,0
diana,8,work,2
diana,8,lunch,1
diana,8,dinner,2
diana,8,gym,0
diana,8,exercise,0
diana,8,classes,7
diana,8,study,1
diana,8,home,1
diana,8,sleep,1
diana,8,park,2
diana,8,cafe,1
diana,8,office,0
diana,8,campus,2
diana,8,shopping,0
diana,8,cooking,0
ethan,8,wake up,0
ethan,8,breakfast,3
ethan,8,coffee,0
ethan,8,work,6
ethan,8,lunch,3
ethan,8,dinner,1
ethan,8,gym,2
ethan,8,exercise,0
ethan,8,classes,0
ethan,8,study,0
ethan,8,home,3
ethan,8,sleep,0
ethan,8,park,3
ethan,8,cafe,3
ethan,8,office,2
ethan,8,campus,0
ethan,8,shopping,0
ethan,8,cooking,0
fiona,8,wake up,0
fiona,8,breakfast,1
fiona,8,coffee,2
fiona,8,work,5
fiona,8,lunch,0
fiona,8,dinner,0
fiona,8,gym,0
fiona,8,exercise,0
fiona,8,classes,0
fiona,8,study,0
fiona,8,home,6
fiona,8,sleep,1
fiona,8,park,1
fiona,8,cafe,2
fiona,8,office,3
fiona,8,campus,0
fiona,8,shopping,0
fiona,8,cooking,0
alex,9,wake up,0
alex,9,breakfast,0
alex,9,coffee,4
alex,9,work,9
alex,9,lunch,3
alex,9,dinner,3
alex,9,gym,2
alex,9,exercise,0
alex,9,classes,0
alex,9,study,0
alex,9,home,3
alex,9,sleep,0
alex,9,park,1
alex,9,cafe,0
alex,9,office,3
alex,9,campus,0
alex,9,shopping,0
alex,9,cooking,0
bella,9,wake up,0
bella,9,breakfast,2
bella,9,coffee,0
bella,9,work,0
bella,9,lunch,1
bella,9,dinner,1
bella,9,gym,0
bella,9,exercise,0
bella,9,classes,3
bella,9,study,0
bella,9,home,2
bella,9,sleep,2
bella,9,park,2
bella,9,cafe,1
bella,9,office,0
bella,9,campus,1
bella,9,shopping,0
bella,9,cooking,0
charlie,9,wake up,0
charlie,9,breakfast,0
charlie,9,coffee,0
charlie,9,work,3
charlie,9,lunch,1
charlie,9,dinner,2
charlie,9,gym,0
charlie,9,exercise,0
charlie,9,classes,0
charlie,9,study,0
charlie,9,home,3
charlie,9,sleep,0
charlie,9,park,2
charlie,9,cafe,5
charlie,9,office,0
charlie,9,campus,0
charlie,9,shopping,1
charlie,9,cooking,0
diana,9,wake up,0
diana,9,breakfast,1
diana,9,coffee,0
diana,9,work,1
diana,9,lunch,2
diana,9,dinner,2
diana,9,gym,0
diana,9,exercise,1
diana,9,classes,4
diana,9,study,2
diana,9,home,2
diana,9,sleep,1
diana,9,park,2
diana,9,cafe,1
diana,9,office,0
diana,9,campus,2
diana,9,shopping,0
diana,9,cooking,0
ethan,9,wake up,0
ethan,9,breakfast,2
ethan,9,coffee,0
ethan,9,work,9
ethan,9,lunch,2
ethan,9,dinner,1
ethan,9,gym,4
ethan,9,exercise,0
ethan,9,classes,0
ethan,9,study,0
ethan,9,home,4
ethan,9,sleep,0
ethan,9,park,2
ethan,9,cafe,3
ethan,9,office,2
ethan,9,campus,0
ethan,9,shopping,0
ethan,9,cooking,0
fiona,9,wake up,1
fiona,9,breakfast,1
fiona,9,coffee,5
fiona,9,work,3
fiona,9,lunch,0
fiona,9,dinner,0
fiona,9,gym,0
fiona,9,exercise,0
fiona,9,classes,0
fiona,9,study,0
fiona,9,home,4
fiona,9,sleep,1
fiona,9,park,1
fiona,9,cafe,3
fiona,9,office,2
fiona,9,campus,0
fiona,9,shopping,0
fiona,9,cooking,0
alex,10,wake up,0
alex,10,breakfast,0
alex,10,coffee,1
alex,10,work,6
alex,10,lunch,2
alex,10,dinner,2
alex,10,gym,2
alex,10,exercise,0
alex,10,classes,0
alex,10,study,0
alex,10,home,1
alex,10,sleep,1
alex,10,park,1
alex,10,cafe,4
alex,10,office,2
alex,10,campus,0
alex,10,shopping,0
alex,10,cooking,0
bella,10,wake up,0
bella,10,breakfast,1
bella,10,coffee,0
bella,10,work,0
bella,10,lunch,1
bella,10,dinner,1
bella,10,gym,0
bella,10,exercise,0
bella,10,classes,3
bella,10,study,1
bella,10,home,1
bella,10,sleep,1
bella,10,park,1
bella,10,cafe,1
bella,10,office,0
bella,10,campus,1
bella,10,shopping,0
bella,10,cooking,0
charlie,10,wake up,0
charlie,10,breakfast,0
charlie,10,coffee,1
charlie,10,work,4
charlie,10,lunch,1
charlie,10,dinner,1
charlie,10,gym,0
charlie,10,exercise,0
charlie,10,classes,0
charlie,10,study,0
charlie,10,home,2
charlie,10,sleep,0
charlie,10,park,2
charlie,10,cafe,2
charlie,10,office,0
charlie,10,campus,0
charlie,10,shopping,1
charlie,10,cooking,0
diana,10,wake up,0
diana,10,breakfast,1
diana,10,coffee,0
diana,10,work,1
diana,10,lunch,1
diana,10,dinner,1
diana,10,gym,0
diana,10,exercise,1
diana,10,classes,3
diana,10,study,0
diana,10,home,2
diana,10,sleep,1
diana,10,park,2
diana,10,cafe,1
diana,10,office,0
diana,10,campus,2
diana,10,shopping,0
diana,10,cooking,0
ethan,10,wake up,0
ethan,10,breakfast,2
ethan,10,coffee,0
ethan,10,work,5
ethan,10,lunch,1
ethan,10,dinner,1
ethan,10,gym,5
ethan,10,exercise,1
ethan,10,classes,0
ethan,10,study,0
ethan,10,home,3
ethan,10,sleep,1
ethan,10,park,3
ethan,10,cafe,2
ethan,10,office,2
ethan,10,campus,0
ethan,10,shopping,0
ethan,10,cooking,0
fiona,10,wake up,0
fiona,10,breakfast,2
fiona,10,coffee,2
fiona,10,work,4
fiona,10,lunch,0
fiona,10,dinner,0
fiona,10,gym,0
fiona,10,exercise,0
fiona,10,classes,0
fiona,10,study,0
fiona,10,home,4
fiona,10,sleep,0
fiona,10,park,3
fiona,10,cafe,4
fiona,10,office,2
fiona,10,campus,0
fiona,10,shopping,0
fiona,10,cooking,0
alex,11,wake up,0
alex,11,breakfast,0
alex,11,coffee,2
alex,11,work,4
alex,11,lunch,1
alex,11,dinner,1
alex,11,gym,2
alex,11,exercise,0
alex,11,classes,0
alex,11,study,0
alex,11,home,2
alex,11,sleep,0
alex,11,park,3
alex,11,cafe,3
alex,11,office,2
alex,11,campus,0
alex,11,shopping,0
alex,11,cooking,0
bella,11,wake up,0
bella,11,breakfast,2
bella,11,coffee,0
bella,11,work,1
bella,11,lunch,2
bella,11,dinner,1
bella,11,gym,0
bella,11,exercise,0
bella,11,classes,3
bella,11,study,0
bella,11,home,1
bella,11,sleep,0
bella,11,park,1
bella,11,cafe,1
bella,11,office,0
bella,11,campus,2
bella,11,shopping,0
bella,11,cooking,0
charlie,11,wake up,0
charlie,11,breakfast,0
charlie,11,coffee,2
charlie,11,work,2
charlie,11,lunch,2
charlie,11,dinner,1
charlie,11,gym,0
charlie,11,exercise,0
charlie,11,classes,0
charlie,11,study,0
charlie,11,home,3
charlie,11,sleep,1
charlie,11,park,3
charlie,11,cafe,3
charlie,11,office,0
charlie,11,campus,0
charlie,11,shopping,0
charlie,11,cooking,1
diana,11,wake up,0
diana,11,breakfast,1
diana,11,coffee,0
diana,11,work,1
diana,11,lunch,2
diana,11,dinner,1
diana,11,gym,0
diana,11,exercise,0
diana,11,classes,4
diana,11,study,1
diana,11,home,2
diana,11,sleep,1
diana,11,park,2
diana,11,cafe,1
diana,11,office,0
diana,11,campus,0
diana,11,shopping,0
diana,11,cooking,0
ethan,11,wake up,0
ethan,11,breakfast,2
ethan,11,coffee,0
ethan,11,work,5
ethan,11,lunch,2
ethan,11,dinner,2
ethan,11,gym,4
ethan,11,exercise,0
ethan,11,classes,0
ethan,11,study,0
ethan,11,home,3
ethan,11,sleep,1
ethan,11,park,1
ethan,11,cafe,3
ethan,11,office,2
ethan,11,campus,0
ethan,11,shopping,0
ethan,11,cooking,0
fiona,11,wake up,0
fiona,11,breakfast,1
fiona,11,coffee,1
fiona,11,work,5
fiona,11,lunch,0
fiona,11,dinner,0
fiona,11,gym,0
fiona,11,exercise,0
fiona,11,classes,0
fiona,11,study,0
fiona,11,home,5
fiona,11,sleep,2
fiona,11,park,1
fiona,11,cafe,5
fiona,11,office,2
fiona,11,campus,0
fiona,11,shopping,0
fiona,11,cooking,0
alex,12,wake up,1
alex,12,breakfast,0
alex,12,coffee,3
alex,12,work,6
alex,12,lunch,2
alex,12,dinner,4
alex,12,gym,2
alex,12,exercise,0
alex,12,classes,0
alex,12,study,0
alex,12,home,2
alex,12,sleep,0
alex,12,park,2
alex,12,cafe,4
alex,12,office,3
alex,12,campus,0
alex,12,shopping,0
alex,12,cooking,0
bella,12,wake up,0
bella,12,breakfast,1
bella,12,coffee,0
bella,12,work,1
bella,12,lunch,3
bella,12,dinner,2
bella,12,gym,0
bella,12,exercise,0
bella,12,classes,4
bella,12,study,0
bella,12,home,2
bella,12,sleep,1
bella,12,park,1
bella,12,cafe,2
bella,12,office,0
bella,12,campus,1
bella,12,shopping,0
bella,12,cooking,0
charlie,12,wake up,1
charlie,12,breakfast,0
charlie,12,coffee,0
charlie,12,work,3
charlie,12,lunch,2
charlie,12,dinner,1
charlie,12,gym,0
charlie,12,exercise,0
charlie,12,classes,0
charlie,12,study,0
charlie,12,home,2
charlie,12,sleep,2
charlie,12,park,4
charlie,12,cafe,3
charlie,12,office,0
charlie,12,campus,0
charlie,12,shopping,1
charlie,12,cooking,0
diana,12,wake up,0
diana,12,breakfast,2
diana,12,coffee,0
diana,12,work,2
diana,12,lunch,1
diana,12,dinner,3
diana,12,gym,0
diana,12,exercise,0
diana,12,classes,3
diana,12,study,2
diana,12,home,1
diana,12,sleep,1
diana,12,park,1
diana,12,cafe,2
diana,12,office,0
diana,12,campus,1
diana,12,shopping,0
diana,12,cooking,0
ethan,12,wake up,0
ethan,12,breakfast,2
ethan,12,coffee,0
ethan,12,work,7
ethan,12,lunch,3
ethan,12,dinner,1
ethan,12,gym,5
ethan,12,exercise,0
ethan,12,classes,0
ethan,12,study,0
ethan,12,home,5
ethan,12,sleep,1
ethan,12,park,1
ethan,12,cafe,0
ethan,12,office,2
ethan,12,campus,0
ethan,12,shopping,0
ethan,12,cooking,0
fiona,12,wake up,0
fiona,12,breakfast,2
fiona,12,coffee,2
fiona,12,work,4
fiona,12,lunch,0
fiona,12,dinner,0
fiona,12,gym,0
fiona,12,exercise,0
fiona,12,classes,0
fiona,12,study,0
fiona,12,home,5
fiona,12,sleep,0
fiona,12,park,2
fiona,12,cafe,2
fiona,12,office,2
fiona,12,campus,0
fiona,12,shopping,0
fiona,12,cooking,0
alex,13,wake up,0
alex,13,breakfast,0
alex,13,coffee,0
alex,13,work,5
alex,13,lunch,1
alex,13,dinner,1
alex,13,gym,3
alex,13,exercise,0
alex,13,classes,0
alex,13,study,0
alex,13,home,2
alex,13,sleep,1
alex,13,park,2
alex,13,cafe,1
alex,13,office,0
alex,13,campus,0
alex,13,shopping,1
alex,13,cooking,0
bella,13,wake up,0
bella,13,breakfast,1
bella,13,coffee,0
bella,13,work,2
bella,13,lunch,0
bella,13,dinner,1
bella,13,gym,4
bella,13,exercise,1
bella,13,classes,0
bella,13,study,2
bella,13,home,2
bella,13,sleep,2
bella,13,park,1
bella,13,cafe,2
bella,13,office,0
bella,13,campus,1
bella,13,shopping,0
bella,13,cooking,0
charlie,13,wake up,0
charlie,13,breakfast,0
charlie,13,coffee,0
charlie,13,work,3
charlie,13,lunch,0
charlie,13,dinner,3
charlie,13,gym,1
charlie,13,exercise,0
charlie,13,classes,0
charlie,13,study,0
charlie,13,home,3
charlie,13,sleep,1
charlie,13,park,4
charlie,13,cafe,4
charlie,13,office,0
charlie,13,campus,0
charlie,13,shopping,0
charlie,13,cooking,0
diana,13,wake up,0
diana,13,breakfast,0
diana,13,coffee,0
diana,13,work,5
diana,13,lunch,0
diana,13,dinner,1
diana,13,gym,3
diana,13,exercise,0
diana,13,classes,1
diana,13,study,1
diana,13,home,1
diana,13,sleep,2
diana,13,park,1
diana,13,cafe,3
diana,13,office,0
diana,13,campus,2
diana,13,shopping,0
diana,13,cooking,0
ethan,13,wake up,0
ethan,13,breakfast,0
ethan,13,coffee,0
ethan,13,work,4
ethan,13,lunch,0
ethan,13,dinner,1
ethan,13,gym,2
ethan,13,exercise,0
ethan,13,classes,0
ethan,13,study,0
ethan,13,home,5
ethan,13,sleep,1
ethan,13,park,3
ethan,13,cafe,0
ethan,13,office,0
ethan,13,campus,0
ethan,13,shopping,0
ethan,13,cooking,0
fiona,13,wake up,0
fiona,13,breakfast,0
fiona,13,coffee,0
fiona,13,work,1
fiona,13,lunch,0
fiona,13,dinner,2
fiona,13,gym,0
fiona,13,exercise,0
fiona,13,classes,0
fiona,13,study,0
fiona,13,home,7
fiona,13,sleep,2
fiona,13,park,2
fiona,13,cafe,3
fiona,13,office,0
fiona,13,campus,0
fiona,13,shopping,0
fiona,13,cooking,0
alex,14,wake up,0
alex,14,breakfast,0
alex,14,coffee,0
alex,14,work,4
alex,14,lunch,0
alex,14,dinner,1
alex,14,gym,1
alex,14,exercise,0
alex,14,classes,0
alex,14,study,0
alex,14,home,3
alex,14,sleep,0
alex,14,park,3
alex,14,cafe,2
alex,14,office,0
alex,14,campus,0
alex,14,shopping,0
alex,14,cooking,0
bella,14,wake up,0
bella,14,breakfast,0
bella,14,coffee,0
bella,14,work,1
bella,14,lunch,0
bella,14,dinner,0
bella,14,gym,3
bella,14,exercise,2
bella,14,classes,0
bella,14,study,1
bella,14,home,4
bella,14,sleep,0
bella,14,park,3
bella,14,cafe,4
bella,14,office,0
bella,14,campus,3
bella,14,shopping,0
bella,14,cooking,0
charlie,14,wake up,0
charlie,14,breakfast,0
charlie,14,coffee,1
charlie,14,work,2
charlie,14,lunch,0
charlie,14,dinner,2
charlie,14,gym,1
charlie,14,exercise,0
charlie,14,classes,0
charlie,14,study,0
charlie,14,home,3
charlie,14,sleep,0
charlie,14,park,4
charlie,14,cafe,5
charlie,14,office,0
charlie,14,campus,0
charlie,14,shopping,0
charlie,14,cooking,0
diana,14,wake up,0
diana,14,breakfast,0
diana,14,coffee,0
diana,14,work,1
diana,14,lunch,0
diana,14,dinner,0
diana,14,gym,2
diana,14,exercise,2
diana,14,classes,0
diana,14,study,2
diana,14,home,3
diana,14,sleep,3
diana,14,park,2
diana,14,cafe,3
diana,14,office,0
diana,14,campus,2
diana,14,shopping,0
diana,14,cooking,0
ethan,14,wake up,0
ethan,14,breakfast,0
ethan,14,coffee,0
ethan,14,work,2
ethan,14,lunch,0
ethan,14,dinner,1
ethan,14,gym,2
ethan,14,exercise,0
ethan,14,classes,0
ethan,14,study,0
ethan,14,home,3
ethan,14,sleep,0
ethan,14,park,3
ethan,14,cafe,2
ethan,14,office,0
ethan,14,campus,0
ethan,14,shopping,0
ethan,14,cooking,0
fiona,14,wake up,0
fiona,14,breakfast,0
fiona,14,coffee,0
fiona,14,work,0
fiona,14,lunch,0
fiona,14,dinner,1
fiona,14,gym,0
fiona,14,exercise,0
fiona,14,classes,0
fiona,14,study,0
fiona,14,home,4
fiona,14,sleep,2
fiona,14,park,3
fiona,14,cafe,3
fiona,14,office,0
fiona,14,campus,0
fiona,14,shopping,0
fiona,14,cooking,0
